student_id,student_no,first_calculus_score,second_calculus_score,third_calculus_score,calculus_avg_score,study_hours,attendance_count,homework_score,practice_count
1,20221000001,54.2,42.64,41.97,46.27,11.71,79,87.56,
2,20221000002,39.5,20,20,26.5,15.59,,,31
3,20221000003,78.29,83.79,76.61,79.56,,100,,18
4,20221000004,59.02,42.74,40.0,47.25,24.0,98,,38
5,20221000005,53.52,42.23,42.09,45.95,13.8,81,75.0,25
6,20221000006,56.17,47.37,,51.77,18.99,96,91.67,38
7,20221000007,65.35,63.8,81.61,70.25,11.99,100,74.53,43
8,20221000008,74.83,,70.59,72.71,19.52,73,86.48,9
9,20221000009,77.94,96.11,100,91.35,25.58,79,49.84,85
10,20221000010,43.24,45.58,53.68,47.5,,84,56.26,13
11,20221000011,57.38,76.32,,66.85,13.28,88,65.34,17
12,20221000012,56.23,52.36,32.52,47.04,7.3,83,93.67,24
13,20221000013,33.87,,33.01,33.44,22.2,81,46.04,19
14,20221000014,66.75,80.2,69.44,72.13,11.32,91,56.8,27
15,20221000015,78.87,91.56,98.64,89.69,14.35,90,66.29,11
16,20221000016,27.91,36.36,24.68,29.65,5.97,82,45.36,68
17,20221000017,67.82,68.59,71.34,69.25,16.0,90,92.41,16
18,20221000018,33.85,44.73,48.87,42.48,21.54,83,95.53,
19,20221000019,46.07,48.33,56.87,50.42,20.74,100,95.64,26
20,20221000020,75.47,69.82,60.49,68.59,22.34,73,83.55,34
21,20221000021,88.57,67.27,71.23,75.69,20.84,84,100,17
22,20221000022,34.22,30.93,,32.58,21.7,78,51.47,9
23,20221000023,38.87,40.17,32.54,37.19,18.8,75,84.39,15
24,20221000024,61.1,44.61,,52.86,10.53,72,95.96,34
25,20221000025,57.14,33.5,20,36.88,2.77,95,62.21,41
26,20221000026,,65.2,,65.2,18.62,88,79.82,27
27,20221000027,59.05,71.29,71.99,67.44,,91,,28
28,20221000028,59.07,54.96,61.73,58.59,12.31,88,92.19,17
29,20221000029,39.39,66.8,69.93,58.71,19.01,86,46.73,31
30,20221000030,86.54,81.6,88.34,85.49,19.45,80,92.21,7
31,20221000031,56.24,56.0,39.83,50.69,23.53,93,81.53,24
32,20221000032,57.95,,34.38,46.17,17.9,74,40,24
33,20221000033,,,37.11,37.11,6.44,94,100,27
34,20221000034,62.32,54.08,68.76,61.72,11.7,82,76.33,27
35,20221000035,59.33,41.42,47.57,49.44,7.55,,,36
36,20221000036,69.82,,77.98,73.9,,80,73.17,47
37,20221000037,61.38,41.54,,51.46,15.85,85,,13
38,20221000038,40.17,42.04,41.71,41.31,13.36,65,57.07,26
39,20221000039,58.72,69.67,86.65,71.68,19.49,84,49.48,58
40,20221000040,68.66,71.5,80.84,73.67,23.41,100,43.18,65
41,20221000041,60.8,60.6,58.24,59.88,11.3,79,93.29,59
42,20221000042,76.66,74.85,,75.75,19.21,88,71.18,30
43,20221000043,39.66,,47.69,43.67,13.88,88,98.22,46
44,20221000044,22.66,20,20.04,20.9,12.83,72,49.93,30
45,20221000045,47.96,41.13,46.41,45.17,16.14,79,52.94,23
46,20221000046,60.86,58.05,56.06,58.32,23.43,80,51.64,20
47,20221000047,78.03,86.88,68.98,77.96,27.07,86,,27
48,20221000048,62.33,79.31,91.83,77.82,,98,79.12,
49,20221000049,63.65,68.25,64.91,65.6,33.87,76,60.89,25
50,20221000050,23.97,34.07,41.71,33.25,17.38,76,52.82,16
51,20221000051,62.95,74.86,74.63,70.81,15.85,77,66.68,24
52,20221000052,37.22,,25.2,31.21,17.88,100,44.17,4
53,20221000053,44.11,32.05,,38.08,19.6,87,77.53,11
54,20221000054,54.49,45.11,40.0,46.53,14.07,77,47.05,
55,20221000055,66.34,67.24,76.1,69.89,9.3,94,78.34,38
56,20221000056,44.03,48.86,51.74,48.21,19.68,87,64.27,19
57,20221000057,69.8,100,100,89.93,10.97,74,56.97,44
58,20221000058,67.45,59.21,55.94,60.87,11.37,100,50.27,17
59,20221000059,42.75,53.85,65.73,54.11,15.94,89,54.63,14
60,20221000060,54.2,62.12,64.9,60.41,29.17,94,81.83,13
61,20221000061,60.8,55.77,57.57,58.05,14.71,87,84.25,44
62,20221000062,58.27,52.96,43.0,51.41,14.77,87,96.56,8
63,20221000063,67.99,57.22,59.92,61.71,16.06,91,71.88,9
64,20221000064,24.98,27.92,25.66,26.19,16.2,83,56.96,17
65,20221000065,80.9,75.97,69.61,75.49,17.51,92,82.06,7
66,20221000066,56.28,57.49,54.97,56.25,5.22,78,90.32,26
67,20221000067,65.03,67.65,68.16,66.95,23.51,84,81.68,17
68,20221000068,28.34,20,30.7,26.35,22.99,73,61.16,13
69,20221000069,54.88,48.68,38.54,47.37,25.13,88,46.73,30
70,20221000070,,20,30.19,25.09,4.41,92,68.7,74
71,20221000071,29.67,44.9,40.75,38.44,13.55,83,84.42,11
72,20221000072,79.11,68.45,67.27,71.61,23.39,99,97.65,20
73,20221000073,88.18,86.82,70.22,81.74,21.25,90,74.7,27
74,20221000074,59.51,58.48,63.93,60.64,19.14,90,,53
75,20221000075,,71.4,,71.4,4.99,71,57.33,38
76,20221000076,43.11,21.49,20,28.2,9.03,82,94.91,15
77,20221000077,54.98,59.15,64.52,59.55,17.42,91,62.77,22
78,20221000078,40.17,42.8,40.46,41.14,22.41,93,50.32,18
79,20221000079,47.05,55.71,58.86,53.87,14.03,92,88.08,38
80,20221000080,61.35,66.27,77.92,68.51,17.01,,87.03,63
81,20221000081,48.87,57.68,66.14,57.56,26.07,78,41.62,11
82,20221000082,42.82,33.77,26.2,34.26,10.0,75,,31
83,20221000083,61.43,,47.13,54.28,11.39,100,48.42,23
84,20221000084,29.17,48.46,43.69,40.44,17.01,82,49.32,23
85,20221000085,20.69,21.43,25.44,22.52,9.06,,49.41,14
86,20221000086,47.45,38.2,41.62,42.42,18.77,99,64.03,19
87,20221000087,65.48,91.04,100,85.51,17.08,83,52.79,26
88,20221000088,37.14,65.15,58.38,53.56,12.9,91,71.2,10
89,20221000089,45.14,61.86,77.3,61.43,9.08,72,53.01,29
90,20221000090,,71.35,83.3,77.32,9.3,74,41.01,15
91,20221000091,34.38,24.06,31.3,29.91,17.89,100,49.32,16
92,20221000092,50.29,55.44,56.21,53.98,21.96,98,64.02,79
93,20221000093,77.97,70.85,88.08,78.97,11.75,89,,38
94,20221000094,59.75,63.62,,61.69,4.84,,89.33,23
95,20221000095,41.65,49.06,33.86,41.52,14.74,68,47.43,23
96,20221000096,63.71,,35.26,49.48,17.83,72,76.13,8
97,20221000097,50.59,,64.64,57.62,2,95,62.68,89
98,20221000098,36.45,48.46,39.44,41.45,11.33,81,94.62,15
99,20221000099,37.14,31.29,,34.22,15.53,82,49.36,12
100,20221000100,46.86,53.55,53.09,51.17,13.86,75,45.67,47
101,20221000101,37.13,44.53,50.92,44.19,16.76,84,86.03,8
102,20221000102,40.34,50.94,42.49,44.59,16.44,62,86.36,35
103,20221000103,43.36,54.53,54.67,50.85,11.69,91,72.76,55
104,20221000104,68.48,84.55,94.36,82.46,17.86,84,73.57,
105,20221000105,72.37,62.51,59.81,64.9,20.0,79,,10
106,20221000106,59.26,65.15,70.92,65.11,12.0,86,,9
107,20221000107,53.33,50.44,56.25,53.34,24.59,82,100,22
108,20221000108,69.44,61.65,59.4,63.5,14.25,74,93.98,18
109,20221000109,53.77,56.78,78.04,62.86,5.1,93,79.42,10
110,20221000110,41.19,35.93,28.89,35.34,15.92,88,54.24,23
111,20221000111,36.23,,68.95,52.59,15.58,72,74.73,20
112,20221000112,40.68,41.55,28.51,36.91,18.77,87,44.1,19
113,20221000113,69.57,74.78,85.51,76.62,22.27,94,100,24
114,20221000114,55.24,,71.75,63.5,21.06,78,65.74,
115,20221000115,,68.13,75.91,72.02,15.24,99,98.0,38
116,20221000116,44.65,56.51,68.13,56.43,14.05,93,84.51,24
117,20221000117,62.07,65.18,57.61,61.62,21.01,95,75.29,18
118,20221000118,59.99,88.85,79.87,76.24,8.78,90,84.07,98
119,20221000119,41.27,22.21,20,27.83,11.95,82,62.7,20
120,20221000120,59.08,49.09,47.67,51.95,25.89,96,89.73,20
121,20221000121,68.69,70.94,77.63,72.42,21.62,94,78.72,41
122,20221000122,53.35,53.6,54.96,53.97,11.85,85,61.43,10
123,20221000123,63.73,47.53,34.56,48.61,17.07,76,,20
124,20221000124,46.26,61.37,,53.81,26.64,100,84.79,22
125,20221000125,74.9,,71.55,73.22,22.52,86,,16
126,20221000126,39.2,36.83,26.04,34.02,14.31,99,95.48,34
127,20221000127,,35.56,24.6,30.08,23.1,88,47.8,41
128,20221000128,55.58,46.8,36.49,46.29,14.13,95,67.8,19
129,20221000129,69.78,69.98,60.01,66.59,22.41,74,68.42,35
130,20221000130,38.57,46.92,50.23,45.24,2,90,68.79,69
131,20221000131,61.51,71.15,66.56,66.41,15.83,82,95.04,38
132,20221000132,32.78,,47.2,39.99,14.92,91,42.17,14
133,20221000133,65.23,65.38,51.44,60.68,16.32,77,64.44,54
134,20221000134,68.45,57.51,57.75,61.24,21.68,97,100,53
135,20221000135,31.56,35.4,27.61,31.52,13.24,100,64.6,22
136,20221000136,50.48,61.65,58.17,56.77,16.26,89,65.33,12
137,20221000137,67.98,79.29,,73.64,19.95,73,65.72,59
138,20221000138,50.8,39.36,40.59,43.58,,92,46.74,23
139,20221000139,28.82,38.09,34.83,33.91,23.0,,55.04,27
140,20221000140,60.66,,67.36,64.01,19.05,83,79.98,59
141,20221000141,80.4,65.09,84.0,76.5,16.41,93,46.1,23
142,20221000142,79.21,83.58,87.66,83.48,10.19,83,,35
143,20221000143,75.52,53.77,47.13,58.81,12.82,100,94.78,21
144,20221000144,66.01,51.06,48.64,55.24,21.16,97,47.77,21
145,20221000145,79.92,83.52,80.1,81.18,18.64,78,54.45,81
146,20221000146,58.19,,81.37,69.78,18.14,72,67.19,74
147,20221000147,65.67,94.85,89.33,83.28,19.66,98,56.58,52
148,20221000148,55.57,61.96,53.07,56.87,17.35,87,48.37,12
149,20221000149,84.01,80.09,68.76,77.62,18.43,100,87.03,16
150,20221000150,25.75,20,20,21.92,15.62,99,59.8,65
151,20221000151,70.41,61.7,71.39,67.83,4.79,100,87.34,20
152,20221000152,37.69,33.0,40.89,37.19,16.28,84,,22
153,20221000153,37.78,37.64,42.32,39.25,12.86,96,,25
154,20221000154,45.9,35.23,20,33.71,16.47,78,82.8,54
155,20221000155,53.71,49.93,60.94,54.86,20.74,92,81.8,20
156,20221000156,34.44,28.49,25.33,29.42,24.35,100,56.5,26
157,20221000157,59.04,58.63,75.43,64.37,16.74,,59.72,18
158,20221000158,36.97,35.91,42.6,38.49,20.84,85,71.59,15
159,20221000159,38.9,37.77,38.56,38.41,12.5,82,91.49,31
160,20221000160,51.48,68.89,,60.19,9.97,98,88.99,54
161,20221000161,32.31,46.33,57.58,45.41,13.96,64,63.13,55
162,20221000162,50.2,,46.57,48.39,17.36,87,88.77,10
163,20221000163,48.27,35.34,20,34.54,10.35,73,64.12,
164,20221000164,45.86,39.1,26.83,37.26,20.95,90,84.06,58
165,20221000165,55.05,83.88,100,79.64,8.87,77,40,24
166,20221000166,44.77,47.21,45.83,45.94,12.85,88,100,
167,20221000167,66.71,60.05,57.9,61.55,17.31,100,61.27,84
168,20221000168,70.51,77.12,79.47,75.7,18.08,86,40,14
169,20221000169,55.13,54.79,57.4,55.77,16.86,98,96.12,36
170,20221000170,35.69,,,35.69,13.59,94,72.94,15
171,20221000171,31.03,27.35,22.38,26.92,25.83,88,52.21,24
172,20221000172,53.64,55.89,74.31,61.28,23.36,85,86.57,79
173,20221000173,45.3,58.29,59.97,54.52,15.59,86,93.08,16
174,20221000174,59.73,65.65,66.05,63.81,17.31,85,58.27,22
175,20221000175,82.06,67.49,,74.78,12.52,92,90.39,9
176,20221000176,46.39,31.15,35.27,37.6,14.98,84,94.82,42
177,20221000177,26.43,28.39,,27.41,19.67,89,44.45,22
178,20221000178,58.86,41.72,32.59,44.39,15.48,90,,21
179,20221000179,43.66,,40.13,41.89,26.73,85,,15
180,20221000180,47.52,63.37,57.1,56.0,23.94,92,47.79,93
181,20221000181,75.29,,75.4,75.34,15.95,100,46.35,15
182,20221000182,56.52,64.01,68.55,63.03,19.85,93,60.35,9
183,20221000183,,,,,11.67,60,74.48,20
184,20221000184,29.29,,20,24.64,25.01,92,40,14
185,20221000185,77.94,79.12,,78.53,18.68,95,53.45,11
186,20221000186,41.97,28.08,39.0,36.35,22.3,88,89.68,18
187,20221000187,,65.47,73.27,69.37,17.31,92,,26
188,20221000188,48.0,51.93,45.98,48.64,25.17,94,54.55,15
189,20221000189,67.79,90.53,93.81,84.04,13.98,84,41.99,67
190,20221000190,56.52,33.1,39.31,42.98,13.0,63,51.58,32
191,20221000191,62.36,,63.94,63.15,13.52,100,70.4,29
192,20221000192,78.03,94.0,,86.02,8.43,81,82.08,45
193,20221000193,79.44,79.69,83.9,81.01,19.46,95,47.65,
194,20221000194,76.15,78.94,64.28,73.12,,90,70.43,
195,20221000195,,58.39,67.83,63.11,15.94,100,84.25,6
196,20221000196,43.22,55.93,52.34,50.5,,,92.11,21
197,20221000197,41.49,55.69,55.29,50.82,12.7,86,93.06,22
198,20221000198,25.75,20,,22.88,26.18,72,,5
199,20221000199,44.13,48.16,,46.14,14.99,99,100,37
200,20221000200,47.69,,45.98,46.83,13.03,82,69.44,11
201,20221000201,61.42,70.06,59.37,63.62,20.72,,100,63
202,20221000202,75.63,70.4,85.23,77.09,24.97,98,54.39,23
203,20221000203,63.2,83.39,82.84,76.48,17.38,85,62.95,61
204,20221000204,,73.04,91.52,82.28,25.16,89,56.58,11
205,20221000205,53.56,59.14,79.18,63.96,15.51,84,100,23
206,20221000206,31.74,23.59,20,25.11,6.97,88,68.62,72
207,20221000207,74.95,66.89,72.67,71.5,21.36,90,,22
208,20221000208,58.06,47.39,48.69,51.38,17.08,82,75.1,11
209,20221000209,64.81,85.07,90.8,80.23,13.28,93,88.27,17
210,20221000210,68.72,73.78,62.6,68.37,16.91,65,80.28,10
211,20221000211,91.3,73.72,41.94,68.99,,95,91.2,13
212,20221000212,82.4,,,82.4,21.19,99,57.85,16
213,20221000213,66.76,,69.97,68.37,14.5,97,77.87,9
214,20221000214,28.39,20,20,22.8,,100,82.56,16
215,20221000215,37.74,59.78,25.86,41.13,12.95,82,93.36,29
216,20221000216,64.55,77.45,73.79,71.93,20.99,79,73.49,24
217,20221000217,51.07,72.0,56.58,59.88,6.17,100,91.16,69
218,20221000218,31.33,49.25,,40.29,13.38,100,99.04,10
219,20221000219,71.87,70.77,,71.32,,94,53.17,21
220,20221000220,87.22,80.56,82.36,83.38,26.45,97,85.4,20
221,20221000221,32.51,,42.61,37.56,12.8,100,67.42,43
222,20221000222,52.45,48.58,42.33,47.79,3.17,86,43.65,13
223,20221000223,,,51.63,51.63,21.6,61,60.41,29
224,20221000224,20,,34.47,27.23,14.22,100,55.66,41
225,20221000225,51.4,51.19,43.72,48.77,11.74,97,86.7,52
226,20221000226,59.4,47.57,26.61,44.53,26.69,82,97.96,28
227,20221000227,38.01,,31.86,34.94,16.15,93,41.88,38
228,20221000228,70.38,64.22,76.71,70.44,13.7,91,40,8
229,20221000229,56.12,48.71,59.22,54.68,3.37,,,19
230,20221000230,47.43,43.78,,45.61,2,,62.76,27
231,20221000231,59.03,63.93,63.19,62.05,11.05,84,72.63,27
232,20221000232,68.32,61.73,60.37,63.47,24.59,90,69.28,26
233,20221000233,67.89,61.68,63.47,64.35,23.58,93,79.75,9
234,20221000234,44.31,26.77,20,30.36,17.95,95,100,14
235,20221000235,42.51,36.26,20,32.92,13.75,90,75.88,33
236,20221000236,46.47,43.83,,45.15,8.22,91,100,89
237,20221000237,72.77,,58.73,65.75,15.41,100,,29
238,20221000238,28.97,35.76,30.27,31.67,13.09,93,98.07,9
239,20221000239,68.29,63.1,71.33,67.57,25.21,,99.03,31
240,20221000240,56.35,49.67,59.29,55.1,25.6,,83.4,31
241,20221000241,30.62,31.04,41.59,34.42,14.57,92,40,70
242,20221000242,56.12,47.44,60.6,54.72,10.7,88,88.61,9
243,20221000243,,60.45,61.99,61.22,19.24,82,54.87,44
244,20221000244,80.24,78.88,88.0,82.37,22.88,84,86.85,21
245,20221000245,87.08,91.42,96.41,91.64,16.91,80,98.12,104
246,20221000246,66.16,65.17,61.4,64.24,7.72,65,76.8,49
247,20221000247,74.28,65.5,75.42,71.73,11.65,85,,14
248,20221000248,48.92,48.54,57.73,51.73,18.08,99,86.67,30
249,20221000249,34.75,43.53,,39.14,,,59.11,18
250,20221000250,71.18,70.23,64.62,68.68,9.97,82,48.11,15
251,20221000251,60.71,44.07,40.71,48.5,9.18,79,89.32,36
252,20221000252,39.77,49.58,,44.67,13.93,100,55.43,9
253,20221000253,51.31,42.66,42.82,45.6,4.33,88,90.83,30
254,20221000254,,65.59,46.77,56.18,2,94,99.24,14
255,20221000255,60.54,59.25,40.53,53.44,6.46,74,57.11,13
256,20221000256,51.65,,47.99,49.82,12.71,70,62.35,33
257,20221000257,45.36,50.07,57.78,51.07,13.29,94,91.77,43
258,20221000258,64.88,73.97,82.82,73.89,,100,73.6,33
259,20221000259,49.53,,49.5,49.52,17.84,83,58.3,28
260,20221000260,67.49,,73.61,70.55,16.62,81,71.48,23
261,20221000261,49.93,45.81,42.89,46.21,22.18,72,42.42,69
262,20221000262,86.58,78.43,76.97,80.66,13.56,79,72.36,10
263,20221000263,82.66,,100,91.33,12.27,87,76.52,27
264,20221000264,38.69,,29.84,34.27,11.39,100,62.4,8
265,20221000265,59.4,54.55,56.92,56.96,11.87,87,49.12,24
266,20221000266,45.89,67.05,88.16,67.03,15.38,100,74.52,8
267,20221000267,52.01,29.4,21.54,34.32,,,90.84,33
268,20221000268,42.23,52.59,63.92,52.91,14.05,77,59.59,11
269,20221000269,70.29,,,70.29,11.11,,84.99,16
270,20221000270,72.2,,64.38,68.29,16.36,100,68.99,41
271,20221000271,49.7,,,49.7,17.49,,60.75,27
272,20221000272,75.04,,,75.04,24.8,83,53.44,14
273,20221000273,35.01,30.26,25.52,30.26,9.39,87,93.75,18
274,20221000274,47.2,62.3,44.11,51.2,16.76,96,,24
275,20221000275,60.72,68.74,55.49,61.65,9.74,94,72.62,4
276,20221000276,28.42,32.88,29.0,30.1,9.31,77,,32
277,20221000277,72.49,89.56,100,87.35,16.22,93,98.17,9
278,20221000278,41.69,52.58,43.08,45.78,26.45,79,82.97,29
279,20221000279,63.5,70.56,74.6,69.55,21.14,96,62.44,15
280,20221000280,72.59,,68.43,70.51,28.59,100,88.22,24
281,20221000281,46.47,60.48,75.82,60.92,13.26,82,63.55,16
282,20221000282,38.22,42.34,26.85,35.8,19.38,100,64.23,53
283,20221000283,46.53,,53.66,50.09,,92,79.23,39
284,20221000284,62.04,67.1,71.3,66.81,6.07,81,48.35,30
285,20221000285,50.61,48.21,46.63,48.48,19.27,94,87.38,19
286,20221000286,69.69,48.25,,58.97,12.76,63,81.53,73
287,20221000287,66.11,94.17,84.01,81.43,13.29,78,90.72,5
288,20221000288,,23.24,,23.24,24.03,92,81.58,35
289,20221000289,66.46,73.23,64.88,68.19,14.82,88,54.05,25
290,20221000290,54.35,49.58,,51.97,12.7,84,69.2,5
291,20221000291,73.94,70.35,82.12,75.47,10.46,94,94.94,70
292,20221000292,62.31,,60.68,61.5,7.5,81,65.89,24
293,20221000293,67.77,70.65,79.0,72.47,15.9,97,51.46,10
294,20221000294,51.58,35.06,39.7,42.11,12.92,86,75.46,
295,20221000295,30.56,43.35,48.64,40.85,,86,48.23,
296,20221000296,67.53,58.57,55.89,60.66,22.98,93,55.35,69
297,20221000297,75.08,88.39,100,87.82,,95,100,34
298,20221000298,44.24,58.91,66.01,56.39,,100,92.27,25
299,20221000299,60.12,,60.67,60.39,24.29,90,70.93,24
300,20221000300,72.68,99.24,93.6,88.51,15.83,88,46.4,18
301,20221000301,45.1,52.09,,48.59,9.62,91,60.02,32
302,20221000302,43.21,41.65,44.57,43.14,8.94,82,75.54,19
303,20221000303,59.95,67.78,83.74,70.49,11.36,91,90.81,10
304,20221000304,37.76,55.88,45.15,46.26,11.13,89,49.99,17
305,20221000305,60.79,57.86,68.87,62.51,11.8,95,76.66,22
306,20221000306,39.16,27.77,38.91,35.28,,97,,43
307,20221000307,41.39,61.35,59.85,54.2,16.24,92,58.82,11
308,20221000308,62.7,53.43,46.15,54.09,17.4,86,53.16,27
309,20221000309,85.53,93.06,100,92.86,17.94,73,57.38,11
310,20221000310,61.64,64.44,64.45,63.51,20.83,87,53.14,50
311,20221000311,40.52,34.5,20,31.67,13.05,81,45.88,64
312,20221000312,59.13,55.27,,57.2,12.15,82,89.08,26
313,20221000313,63.56,71.24,54.34,63.05,23.52,77,74.77,21
314,20221000314,50.54,50.14,55.06,51.91,9.36,92,64.35,17
315,20221000315,47.67,45.6,40.52,44.6,20.16,90,57.49,82
316,20221000316,59.61,,66.02,62.81,18.75,84,,76
317,20221000317,81.02,96.34,96.67,91.34,,98,82.19,17
318,20221000318,44.02,37.93,26.25,36.07,14.71,89,40,62
319,20221000319,41.55,32.02,,36.78,19.12,98,,26
320,20221000320,48.72,31.28,22.56,34.19,29.36,79,85.77,21
321,20221000321,77.57,74.56,69.08,73.74,8.32,88,70.26,19
322,20221000322,75.14,59.94,56.55,63.88,16.42,,66.24,71
323,20221000323,59.56,47.58,63.0,56.71,,84,78.56,26
324,20221000324,62.71,77.75,63.94,68.13,,83,54.67,43
325,20221000325,44.25,35.06,37.2,38.84,8.48,96,42.94,61
326,20221000326,73.16,66.11,54.33,64.53,,100,99.72,29
327,20221000327,44.43,30.19,,37.31,19.4,80,60.57,21
328,20221000328,47.27,51.15,49.44,49.29,18.91,97,63.81,11
329,20221000329,,33.45,48.77,41.11,,97,67.66,28
330,20221000330,83.1,80.71,77.36,80.39,7.63,100,51.08,
331,20221000331,38.11,44.01,36.74,39.62,20.52,83,99.69,45
332,20221000332,65.53,,68.8,67.16,,80,78.4,13
333,20221000333,82.52,82.1,53.78,72.8,21.59,99,54.06,12
334,20221000334,36.33,20,20,25.44,9.57,93,47.07,13
335,20221000335,57.03,63.83,58.39,59.75,18.18,77,53.85,50
336,20221000336,44.14,31.23,21.94,32.44,12.0,86,64.43,29
337,20221000337,56.0,68.06,65.36,63.14,21.97,83,55.37,29
338,20221000338,29.18,,20,24.59,21.71,79,60.17,25
339,20221000339,47.7,38.99,42.74,43.14,9.04,100,92.48,33
340,20221000340,56.65,72.41,68.82,65.96,12.51,97,60.49,7
341,20221000341,40.55,25.64,23.01,29.73,17.54,100,100,27
342,20221000342,,,30.04,30.04,7.47,88,94.86,57
343,20221000343,73.67,,,73.67,14.04,83,82.39,17
344,20221000344,73.53,55.9,55.52,61.65,5.13,100,72.05,24
345,20221000345,61.87,73.36,61.7,65.64,14.67,83,85.83,31
346,20221000346,52.31,52.15,52.36,52.27,20.09,98,76.48,38
347,20221000347,78.24,64.62,,71.43,17.66,85,75.95,16
348,20221000348,62.71,60.76,65.63,63.03,27.76,,87.08,123
349,20221000349,70.06,67.33,87.38,74.92,18.8,100,52.14,12
350,20221000350,67.98,81.62,,74.8,,90,83.02,15
351,20221000351,70.85,67.62,69.87,69.45,,84,66.63,59
352,20221000352,72.44,69.46,60.8,67.57,19.49,73,92.76,109
353,20221000353,68.74,88.35,72.89,76.66,18.4,83,69.58,15
354,20221000354,73.75,65.66,57.52,65.64,4.59,82,90.03,24
355,20221000355,42.18,37.1,20,33.09,17.66,100,91.13,
356,20221000356,80.0,83.22,,81.61,3.97,95,57.66,30
357,20221000357,59.97,57.68,49.3,55.65,23.27,91,95.48,10
358,20221000358,75.17,80.93,71.38,75.83,10.6,100,40,9
359,20221000359,64.88,78.56,68.0,70.48,,78,82.33,9
360,20221000360,39.15,37.9,20.18,32.41,2.11,100,91.0,53
361,20221000361,,21.32,20,20.66,4.92,98,60.94,8
362,20221000362,67.6,63.91,71.91,67.81,5.55,78,,29
363,20221000363,38.13,27.36,31.75,32.41,10.89,80,45.33,
364,20221000364,35.77,,41.97,38.87,19.06,100,54.86,16
365,20221000365,55.74,48.42,40.84,48.33,15.01,91,66.66,17
366,20221000366,46.32,,43.03,44.67,12.86,,80.23,13
367,20221000367,21.66,25.87,20,22.51,18.6,75,58.66,27
368,20221000368,68.63,60.45,57.47,62.18,15.79,83,81.2,31
369,20221000369,50.6,52.2,48.93,50.58,5.61,85,87.27,44
370,20221000370,70.12,70.73,55.81,65.55,,85,82.17,
371,20221000371,73.61,55.93,66.69,65.41,20.15,92,71.44,19
372,20221000372,32.79,25.06,20,25.95,8.67,90,79.22,47
373,20221000373,41.6,51.08,50.28,47.65,10.31,72,78.72,24
374,20221000374,57.83,62.88,61.08,60.6,,86,90.23,18
375,20221000375,32.26,38.74,28.55,33.18,11.48,84,90.95,6
376,20221000376,45.1,49.77,59.6,51.49,27.72,95,100,12
377,20221000377,80.65,81.38,,81.02,15.92,,57.52,13
378,20221000378,33.95,,51.64,42.8,5.68,100,62.31,14
379,20221000379,40.77,48.81,75.61,55.06,14.83,85,50.25,14
380,20221000380,47.97,55.82,44.78,49.52,12.35,100,40,20
381,20221000381,54.38,65.33,78.5,66.07,12.4,90,55.94,26
382,20221000382,54.7,53.32,54.49,54.17,18.66,100,61.03,16
383,20221000383,44.94,44.77,45.42,45.04,10.24,92,45.43,7
384,20221000384,49.04,,32.19,40.61,7.8,68,83.35,17
385,20221000385,48.8,55.18,39.18,47.72,9.79,73,87.85,12
386,20221000386,62.45,79.45,77.12,73.01,13.92,100,55.75,40
387,20221000387,45.89,48.6,46.41,46.97,20.04,94,41.42,15
388,20221000388,,,50.79,50.79,25.71,74,93.69,14
389,20221000389,,67.77,66.72,67.25,17.6,87,71.41,39
390,20221000390,52.83,49.7,52.27,51.6,28.14,98,47.87,49
391,20221000391,84.24,84.78,92.66,87.23,21.37,81,95.16,9
392,20221000392,58.07,50.77,60.23,56.36,26.43,95,46.12,24
393,20221000393,71.78,,68.95,70.37,12.6,100,95.51,20
394,20221000394,46.8,31.98,26.6,35.13,,100,,42
395,20221000395,64.04,52.55,68.01,61.53,17.53,78,83.66,15
396,20221000396,71.85,68.15,92.3,77.43,20.93,90,85.77,54
397,20221000397,59.35,57.28,40.61,52.41,16.66,95,40.97,
398,20221000398,46.32,48.76,52.05,49.04,17.99,84,82.48,76
399,20221000399,48.93,67.46,78.95,65.11,29.52,97,66.21,
400,20221000400,37.18,63.61,64.0,54.93,13.89,83,40,11
401,20221000401,59.37,52.83,,56.1,22.23,97,40.54,32
402,20221000402,33.16,24.53,20,25.9,19.24,95,96.96,34
403,20221000403,51.16,65.19,76.61,64.32,9.95,79,51.38,28
404,20221000404,49.69,30.73,34.62,38.35,12.79,100,63.03,13
405,20221000405,47.3,76.3,,61.8,20.34,63,50.07,26
406,20221000406,62.33,54.97,46.67,54.66,,100,86.67,16
407,20221000407,60.14,78.06,60.75,66.32,14.9,94,100,49
408,20221000408,61.69,69.85,66.09,65.88,12.57,96,56.87,14
409,20221000409,65.69,66.5,63.43,65.21,20.71,80,98.58,
410,20221000410,37.41,54.91,58.52,50.28,11.55,83,70.32,26
411,20221000411,41.27,50.83,47.67,46.59,14.22,89,40,29
412,20221000412,47.45,58.89,56.74,54.36,15.87,69,40.91,48
413,20221000413,,34.28,27.02,30.65,,95,68.03,15
414,20221000414,56.62,44.53,58.1,53.08,,97,92.2,16
415,20221000415,35.72,37.02,22.36,31.7,16.19,88,40,20
416,20221000416,68.56,69.48,,69.02,21.17,90,62.61,54
417,20221000417,,45.51,40.76,43.13,24.64,90,51.31,47
418,20221000418,47.27,47.35,56.7,50.44,21.3,92,67.2,50
419,20221000419,50.86,,60.58,55.72,18.55,94,77.21,50
420,20221000420,63.52,58.49,78.29,66.77,17.89,73,56.51,
421,20221000421,37.52,38.1,28.94,34.85,16.28,78,64.6,24
422,20221000422,62.87,70.98,71.47,68.44,22.27,96,40,17
423,20221000423,45.54,37.16,26.36,36.35,11.02,83,90.74,43
424,20221000424,78.5,66.73,71.85,72.36,11.47,98,48.88,42
425,20221000425,50.85,52.45,50.81,51.37,13.09,91,69.48,16
426,20221000426,43.89,75.3,53.76,57.65,11.66,74,48.95,31
427,20221000427,45.68,48.39,30.34,41.47,15.28,98,,17
428,20221000428,43.38,,45.49,44.44,15.15,100,78.44,31
429,20221000429,47.77,40.38,36.79,41.65,24.77,93,86.1,27
430,20221000430,37.95,20,31.71,29.89,17.64,88,57.43,27
431,20221000431,50.98,57.51,37.06,48.52,,100,54.4,61
432,20221000432,43.65,32.89,37.22,37.92,8.27,86,82.34,72
433,20221000433,73.89,66.05,,69.97,17.47,83,45.94,49
434,20221000434,38.04,47.07,37.04,40.72,12.1,,84.17,22
435,20221000435,41.92,44.22,,43.07,3.23,94,93.45,49
436,20221000436,39.31,52.27,39.13,43.57,27.94,93,,38
437,20221000437,,,42.46,42.46,19.71,89,70.52,35
438,20221000438,37.1,34.92,27.29,33.1,18.2,100,66.95,40
439,20221000439,57.03,66.55,84.07,69.22,15.53,100,89.44,25
440,20221000440,58.51,57.24,64.71,60.15,20.89,91,92.82,23
441,20221000441,45.28,36.49,43.49,41.75,23.26,91,93.32,
442,20221000442,55.01,69.6,66.16,63.59,25.29,89,90.22,24
443,20221000443,80.37,69.41,79.34,76.37,21.88,84,80.93,10
444,20221000444,48.36,42.28,,45.32,8.35,88,47.37,12
445,20221000445,66.37,65.28,68.62,66.76,14.99,72,79.28,20
446,20221000446,56.04,37.15,42.83,45.34,13.68,81,68.12,15
447,20221000447,48.54,42.87,21.79,37.73,21.04,86,54.69,16
448,20221000448,45.19,56.69,58.33,53.4,,83,55.5,25
449,20221000449,55.89,31.16,24.55,37.2,7.19,91,56.74,48
450,20221000450,38.23,,46.78,42.5,15.53,80,72.02,18
451,20221000451,38.78,20,29.35,29.38,13.4,93,82.15,19
452,20221000452,60.75,40.62,44.91,48.76,12.35,83,67.09,32
453,20221000453,69.19,85.54,67.57,74.1,15.15,100,77.6,24
454,20221000454,64.75,52.13,65.07,60.65,14.66,95,,15
455,20221000455,,43.45,59.8,51.62,16.24,92,59.21,33
456,20221000456,60.38,67.82,67.1,65.1,14.49,82,78.52,17
457,20221000457,55.68,57.95,73.66,62.43,8.01,76,52.23,21
458,20221000458,55.29,48.83,39.0,47.71,10.49,90,91.49,14
459,20221000459,64.86,75.49,78.67,73.01,20.05,87,85.02,38
460,20221000460,79.63,,65.34,72.48,14.2,96,91.85,15
461,20221000461,40.53,33.13,,36.83,,100,89.58,77
462,20221000462,42.98,48.78,49.42,47.06,15.16,85,79.96,58
463,20221000463,52.6,71.22,67.39,63.74,17.02,88,65.96,7
464,20221000464,34.24,30.46,30.74,31.81,19.46,66,98.28,13
465,20221000465,42.26,,36.45,39.36,12.42,98,54.41,53
466,20221000466,74.09,81.32,70.93,75.45,30.95,83,82.11,16
467,20221000467,48.91,,28.78,38.84,,92,57.09,11
468,20221000468,47.0,39.8,,43.4,24.18,,59.11,47
469,20221000469,,52.95,47.17,50.06,11.68,87,66.89,9
470,20221000470,66.94,84.85,100,83.93,15.2,78,87.75,61
471,20221000471,69.61,,59.39,64.5,18.1,78,60.05,13
472,20221000472,38.28,23.08,33.34,31.57,12.67,84,57.82,20
473,20221000473,54.01,66.14,44.24,54.8,14.44,,60.53,33
474,20221000474,77.4,87.42,100,88.27,13.36,69,46.39,11
475,20221000475,71.91,89.39,100,87.1,2.4,78,55.26,7
476,20221000476,57.78,53.58,61.59,57.65,15.31,94,63.47,12
477,20221000477,52.36,51.39,52.76,52.17,24.58,100,87.27,34
478,20221000478,65.71,76.81,73.92,72.15,16.09,91,43.13,19
479,20221000479,43.69,45.13,41.17,43.33,11.56,98,55.79,29
480,20221000480,34.11,32.31,20,28.81,16.09,73,59.25,20
481,20221000481,37.47,,25.14,31.3,15.74,92,57.66,12
482,20221000482,63.22,90.96,80.47,78.22,14.44,100,94.8,43
483,20221000483,53.48,48.32,54.14,51.98,14.05,100,100,15
484,20221000484,68.33,,,68.33,13.47,73,,24
485,20221000485,46.92,33.17,40.11,40.07,23.12,76,54.14,55
486,20221000486,49.76,43.86,40.09,44.57,7.65,,99.69,8
487,20221000487,51.86,,52.83,52.34,23.03,89,51.12,12
488,20221000488,35.68,37.93,45.25,39.62,13.49,85,81.27,12
489,20221000489,37.79,31.65,25.98,31.81,16.24,87,,10
490,20221000490,61.12,,20,40.56,10.43,91,51.89,43
491,20221000491,62.92,69.26,85.64,72.61,5.88,61,56.85,20
492,20221000492,47.14,60.49,59.92,55.85,18.27,89,55.99,
493,20221000493,69.42,66.19,,67.81,22.94,89,,
494,20221000494,32.91,32.72,20,28.54,10.14,100,72.74,34
495,20221000495,37.07,38.67,,37.87,3.06,79,92.47,33
496,20221000496,46.93,42.74,42.87,44.18,21.47,94,51.3,24
497,20221000497,47.44,48.94,48.01,48.13,,82,53.1,17
498,20221000498,68.28,90.14,79.72,79.38,22.72,83,,35
499,20221000499,51.68,66.71,,59.19,20.5,89,58.42,37
500,20221000500,50.27,57.22,56.22,54.57,,81,52.94,11
501,20221000501,,66.78,67.13,66.95,15.51,89,99.22,31
502,20221000502,62.96,65.01,61.91,63.29,15.72,100,100,30
503,20221000503,55.67,44.75,,50.21,12.4,84,85.7,
504,20221000504,48.1,56.35,54.35,52.93,17.95,100,74.87,53
505,20221000505,74.42,82.43,88.13,81.66,2,97,69.29,
506,20221000506,68.31,59.59,55.08,60.99,4.46,80,56.05,66
507,20221000507,57.89,54.25,54.23,55.46,9.59,84,63.41,31
508,20221000508,54.25,53.79,61.27,56.44,8.03,77,83.54,19
509,20221000509,84.94,100,100,94.98,15.65,96,77.19,16
510,20221000510,36.09,50.27,45.29,43.88,18.69,83,68.71,51
511,20221000511,37.12,35.81,31.14,34.69,10.42,99,74.17,34
512,20221000512,51.78,56.78,58.19,55.58,8.1,74,40,32
513,20221000513,41.47,66.69,75.63,61.26,21.74,88,71.78,16
514,20221000514,39.26,45.26,,42.26,9.37,88,,5
515,20221000515,49.45,38.97,,44.21,28.47,90,60.25,16
516,20221000516,67.06,90.98,81.77,79.94,12.11,77,41.17,33
517,20221000517,34.78,20,26.64,27.14,19.51,83,49.16,16
518,20221000518,41.58,41.85,,41.72,21.27,78,81.87,48
519,20221000519,73.92,86.96,77.46,79.45,7.24,83,63.87,19
520,20221000520,63.99,69.78,57.6,63.79,26.12,95,,79
521,20221000521,54.23,40.27,26.57,40.36,20.32,83,71.72,30
522,20221000522,62.03,59.33,55.5,58.95,11.18,96,74.03,20
523,20221000523,48.89,74.96,,61.92,16.93,100,66.07,19
524,20221000524,45.86,73.93,74.1,64.63,14.16,89,71.88,15
525,20221000525,71.49,83.4,94.52,83.14,22.02,85,52.51,21
526,20221000526,61.71,69.35,63.6,64.89,20.06,89,86.88,
527,20221000527,50.35,40.46,42.6,44.47,11.34,94,77.49,20
528,20221000528,,37.88,27.83,32.86,18.78,83,71.52,19
529,20221000529,69.47,72.14,73.85,71.82,10.08,75,47.34,17
530,20221000530,77.82,91.27,90.37,86.49,7.9,89,81.24,40
531,20221000531,51.49,62.18,56.7,56.79,,100,72.27,43
532,20221000532,75.13,79.72,87.13,80.66,19.15,72,63.69,11
533,20221000533,59.63,63.3,67.59,63.51,23.04,96,83.73,35
534,20221000534,40.37,36.14,26.85,34.45,15.38,95,98.57,58
535,20221000535,50.75,33.76,56.48,47.0,19.62,78,71.92,
536,20221000536,29.56,25.81,20,25.12,23.9,78,48.52,44
537,20221000537,72.43,62.78,,67.61,18.71,97,59.62,17
538,20221000538,62.35,74.3,74.5,70.38,,90,83.85,38
539,20221000539,38.65,38.56,26.68,34.63,23.68,90,52.53,52
540,20221000540,25.87,26.44,,26.16,8.67,99,,12
541,20221000541,32.33,49.98,46.8,43.04,15.15,77,90.32,15
542,20221000542,53.87,44.41,50.0,49.43,12.31,79,95.54,27
543,20221000543,44.41,33.21,20.64,32.75,7.19,80,51.92,17
544,20221000544,65.71,,56.79,61.25,16.43,100,87.27,10
545,20221000545,40.1,32.44,38.97,37.17,10.97,78,70.29,26
546,20221000546,66.29,85.04,79.68,77.0,5.59,88,88.81,24
547,20221000547,47.79,52.82,43.95,48.19,10.75,88,96.97,36
548,20221000548,38.54,40.92,35.84,38.43,25.96,67,61.63,22
549,20221000549,45.77,55.18,,50.48,18.26,100,46.61,37
550,20221000550,42.74,24.41,25.72,30.96,15.39,94,79.78,12
551,20221000551,79.24,72.83,64.73,72.27,10.06,91,60.05,18
552,20221000552,74.55,,87.74,81.14,13.03,,59.03,43
553,20221000553,54.5,69.87,,62.19,19.23,,98.22,37
554,20221000554,67.44,63.24,84.98,71.89,10.12,90,77.95,11
555,20221000555,37.95,37.2,39.43,38.19,,92,98.63,20
556,20221000556,52.82,62.4,56.56,57.26,15.62,93,84.92,
557,20221000557,72.58,68.08,55.31,65.32,16.79,100,93.89,24
558,20221000558,74.94,87.25,80.4,80.86,19.45,100,60.57,14
559,20221000559,77.7,92.49,99.32,89.84,12.47,77,52.95,57
560,20221000560,43.81,58.4,56.98,53.06,4.63,87,60.53,43
561,20221000561,49.77,51.89,59.25,53.64,19.99,97,70.12,15
562,20221000562,,81.55,84.12,82.84,15.72,75,80.09,23
563,20221000563,61.72,70.39,64.09,65.4,12.97,89,,53
564,20221000564,48.4,,80.18,64.29,2,81,,16
565,20221000565,73.92,56.7,74.14,68.25,11.86,75,48.36,51
566,20221000566,77.66,90.4,86.03,84.7,22.48,81,96.62,
567,20221000567,58.77,68.5,,63.64,19.41,85,61.41,39
568,20221000568,64.82,51.79,49.56,55.39,,76,69.69,37
569,20221000569,68.21,,100,84.1,17.09,86,90.1,30
570,20221000570,49.74,56.76,52.65,53.05,25.07,76,60.37,34
571,20221000571,22.65,20,,21.32,5.69,95,55.6,11
572,20221000572,36.84,29.94,,33.39,14.87,78,67.12,15
573,20221000573,75.07,82.95,73.84,77.29,11.24,96,84.92,23
574,20221000574,67.67,63.35,71.39,67.47,23.29,92,47.73,20
575,20221000575,38.58,,46.89,42.73,9.56,70,,9
576,20221000576,72.77,81.94,95.02,83.24,21.19,74,62.09,27
577,20221000577,42.73,60.69,64.13,55.85,14.65,84,57.35,24
578,20221000578,,,94.61,94.61,20.71,84,76.99,19
579,20221000579,,,67.9,67.9,7.05,,,28
580,20221000580,52.24,61.31,48.54,54.03,10.42,100,90.21,58
581,20221000581,57.34,74.83,84.4,72.19,25.21,76,50.93,47
582,20221000582,28.74,24.0,38.24,30.33,19.81,72,40,41
583,20221000583,28.16,27.41,42.76,32.78,3.6,92,73.97,34
584,20221000584,47.56,52.61,38.06,46.08,19.2,76,53.18,28
585,20221000585,43.79,49.07,48.46,47.11,12.33,82,85.44,32
586,20221000586,65.25,72.37,,68.81,12.62,89,59.49,13
587,20221000587,44.31,28.12,20.62,31.02,27.77,83,46.93,50
588,20221000588,77.71,48.68,49.61,58.67,12.1,100,83.68,23
589,20221000589,41.6,60.47,55.02,52.36,25.23,92,63.01,21
590,20221000590,67.35,66.89,56.59,63.61,8.95,100,89.12,29
591,20221000591,29.92,48.5,43.83,40.75,10.94,77,69.57,27
592,20221000592,63.2,71.98,83.14,72.77,12.28,78,64.87,50
593,20221000593,58.62,42.06,,50.34,30.39,91,45.02,22
594,20221000594,67.41,58.76,64.87,63.68,14.09,80,45.01,20
595,20221000595,66.07,90.55,98.14,84.92,13.12,89,49.33,
596,20221000596,67.38,63.67,70.14,67.06,10.55,95,,6
597,20221000597,73.71,,81.04,77.38,20.71,71,57.01,97
598,20221000598,61.25,75.83,62.95,66.68,17.95,79,90.97,25
599,20221000599,42.39,38.02,44.06,41.49,14.29,100,62.95,34
600,20221000600,42.85,38.43,48.41,43.23,26.02,91,56.8,23
